赵婧文,68,0
赵竹林,61,0
赵威皓,78,0
赵冬梅,89,0
赵中锴,88,0
赵山川,82,0
赵吾光,69,0
赵璇海,52,0
赵学海,76,0
赵午光,66,0
赵绚海,59,0
赵玉,84,0
赵吾行,82,0
赵晓珲,75,0
赵吾航,65,0
赵腾,77,0
赵宵蕙,64,0
赵雾瑕,79,0
赵紫豪,38,0
赵涛,72,0
赵俊英,63,0
赵敏,73,0
赵轩海,95,0
赵家豪,69,0
赵鹃,73,0
赵文兵,78,0
赵海洲,61,0
赵玉凤,62,0
赵容,68,0
赵礼义,81,0
赵义,87,0
赵华良,73,0
赵宇,57,0
赵汝杰,71,0
赵萸艳,80,0
赵子峰,78,0
赵天宇,69,0
赵慧,65,0
赵艳,49,0
赵德霞,88,0
赵小瑞,97,0
赵玉芝,64,0
赵家宝,90,0
赵林,78,0
赵健民,68,0
赵立民,69,0
赵妍,58,0
赵大宇,45,0
赵彪,97,0
赵传奇,73,0
赵东,76,0
赵承智,81,0
赵江丽,98,0
赵建荣,93,0
赵玉胜,44,0
赵金城,72,0
赵伶俐,54,0
赵墨晗,0,0
赵新文,79,0
赵玉峰,69,0
赵墨然,60,0
赵浩然,69,0
赵智渊,67,0
赵维杰,74,0
赵树岗,78,0
赵唯伊,91,0
赵慧丽,74,0
赵昀程,89,0
赵紫佳,53,0
赵立荣,79,0
赵雪凡,62,0
赵丽荣,97,0
赵稼,88,0
赵稼婷,81,0
赵琳琳,73,0
赵人稼,73,0
赵白茹,100,0
赵烁,65,0
赵田野,67,0
赵辉红,73,0
赵辰生,70,0
赵甜也,70,0
赵文秀,89,0
赵洪坚,75,0
赵绍旭,76,0
赵芳,36,0
赵墨涵,78,0
赵天涵,50,0
赵赛旭,71,0
赵炜,72,0
赵继锋,64,0
赵秋凤,97,0
赵煜康,18,0
赵士皓,100,0
赵添冶,38,0
赵玉容,68,0
赵乐,68,0
赵甜冶,100,0
赵永和,59,0
张三,70,0